{"cameraMode":{"drawMode":0,"name":"Shaded","section":"Shading Mode"},"sceneLighting":true,"audioPlay":false,"sceneViewState":{"showFog":true,"showMaterialUpdate":false,"showSkybox":true,"showFlares":true,"showImageEffects":true,"showParticleSystems":true,"showVisualEffectGraphs":true,"m_FxEnabled":true},"in2DMode":false,"pivot":{"x":0.6510987281799316,"y":0.3287086486816406,"z":0.9028400182723999},"rotation":{"x":-0.2573554813861847,"y":0.08451525121927262,"z":-0.022601593285799028,"w":-0.9623491764068604},"size":3.3397295475006105,"orthographic":false}