{"cameraMode":{"drawMode":0,"name":"Shaded","section":"Shading Mode"},"sceneLighting":true,"audioPlay":false,"sceneViewState":{"showFog":true,"showMaterialUpdate":false,"showSkybox":true,"showFlares":true,"showImageEffects":true,"showParticleSystems":true,"showVisualEffectGraphs":true,"m_FxEnabled":true},"in2DMode":false,"pivot":{"x":-2.220763683319092,"y":-0.07000499963760376,"z":0.16126227378845216},"rotation":{"x":-0.2573554813861847,"y":0.08451525121927262,"z":-0.022601593285799028,"w":-0.9623491764068604},"size":2.439729690551758,"orthographic":false}