{"cameraMode":{"drawMode":0,"name":"Shaded","section":"Shading Mode"},"sceneLighting":true,"audioPlay":false,"sceneViewState":{"showFog":true,"showMaterialUpdate":false,"showSkybox":true,"showFlares":true,"showImageEffects":true,"showParticleSystems":true,"showVisualEffectGraphs":true,"m_FxEnabled":true},"in2DMode":false,"pivot":{"x":-0.38777828216552737,"y":-0.14496278762817384,"z":0.0763397216796875},"rotation":{"x":-0.2234160453081131,"y":0.42187726497650149,"z":-0.10808701068162918,"w":-0.872022271156311},"size":5.439730167388916,"orthographic":false}