{"cameraMode":{"drawMode":0,"name":"Shaded","section":"Shading Mode"},"sceneLighting":true,"audioPlay":false,"sceneViewState":{"showFog":true,"showMaterialUpdate":false,"showSkybox":true,"showFlares":true,"showImageEffects":true,"showParticleSystems":true,"showVisualEffectGraphs":true,"m_FxEnabled":true},"in2DMode":false,"pivot":{"x":-0.43279552459716799,"y":-0.11369544267654419,"z":0.4025665521621704},"rotation":{"x":-0.24486713111400605,"y":0.6267086267471314,"z":-0.21698345243930818,"w":-0.707244873046875},"size":2.439729690551758,"orthographic":false}