{"cameraMode":{"drawMode":0,"name":"Shaded","section":"Shading Mode"},"sceneLighting":true,"audioPlay":false,"sceneViewState":{"showFog":true,"showMaterialUpdate":false,"showSkybox":true,"showFlares":true,"showImageEffects":true,"showParticleSystems":true,"showVisualEffectGraphs":true,"m_FxEnabled":true},"in2DMode":false,"pivot":{"x":-0.042063236236572269,"y":-0.1205143928527832,"z":0.39146530628204348},"rotation":{"x":-0.2608553171157837,"y":0.45048755407333376,"z":-0.1395050585269928,"w":-0.8423502445220947},"size":4.239729404449463,"orthographic":false}