{"cameraMode":{"drawMode":0,"name":"Shaded","section":"Shading Mode"},"sceneLighting":true,"audioPlay":false,"sceneViewState":{"showFog":true,"showMaterialUpdate":true,"showSkybox":true,"showFlares":true,"showImageEffects":true,"showParticleSystems":true,"showVisualEffectGraphs":true,"m_FxEnabled":true},"in2DMode":false,"pivot":{"x":-0.9248080253601074,"y":0.23540616035461427,"z":0.7602262496948242},"rotation":{"x":-0.08724017441272736,"y":0.8987829089164734,"z":-0.20884214341640473,"w":-0.3754509687423706},"size":5.6660261154174809,"orthographic":false}