{"cameraMode":{"drawMode":0,"name":"Shaded","section":"Shading Mode"},"sceneLighting":false,"audioPlay":false,"sceneViewState":{"showFog":true,"showMaterialUpdate":false,"showSkybox":true,"showFlares":true,"showImageEffects":true,"showParticleSystems":true,"showVisualEffectGraphs":true,"m_FxEnabled":true},"in2DMode":false,"pivot":{"x":-1.2717968225479127,"y":1.535186767578125,"z":-0.31664228439331057},"rotation":{"x":0.2207442820072174,"y":-0.019895408302545549,"z":0.0045133717358112339,"w":0.97511887550354},"size":5.929507255554199,"orthographic":false}