{"cameraMode":{"drawMode":0,"name":"Shaded","section":"Shading Mode"},"sceneLighting":false,"audioPlay":false,"sceneViewState":{"showFog":true,"showMaterialUpdate":false,"showSkybox":true,"showFlares":true,"showImageEffects":true,"showParticleSystems":true,"showVisualEffectGraphs":true,"m_FxEnabled":true},"in2DMode":false,"pivot":{"x":-0.1952696442604065,"y":2.4593842029571535,"z":0.16868925094604493},"rotation":{"x":0.2207442820072174,"y":-0.019895408302545549,"z":0.0045133717358112339,"w":0.97511887550354},"size":2.6295063495635988,"orthographic":false}