{"cameraMode":{"drawMode":0,"name":"Shaded","section":"Shading Mode"},"sceneLighting":false,"audioPlay":false,"sceneViewState":{"showFog":true,"showMaterialUpdate":false,"showSkybox":false,"showFlares":true,"showImageEffects":true,"showParticleSystems":true},"in2DMode":false,"pivot":{"x":-0.23212242126464845,"y":2.2960691452026369,"z":-1.3566675186157227},"rotation":{"x":0.2857746183872223,"y":-0.25466108322143557,"z":0.07908281683921814,"w":0.9204508066177368},"size":10.0,"orthographic":false}